[
    {
        "zilla_id": 17,
        "bn_name": "কুমিল্লা",
        "name": "Comilla",
        "division_id": 2,
        "lat": 23.4682747,
        "lon": 91.1788135
    },
    {
        "zilla_id": 14,
        "bn_name": "ফেনী",
        "name": "Feni",
        "division_id": 2,
        "lat": 23.023231,
        "lon": 91.3840844
    },
    {
        "zilla_id": 12,
        "bn_name": "ব্রাহ্মণবাড়িয়া",
        "name": "Brahmanbaria",
        "division_id": 2,
        "lat": 23.9570904,
        "lon": 91.1119286
    },
    {
        "zilla_id": 11,
        "bn_name": "রাঙ্গামাটি",
        "name": "Rangamati",
        "division_id": 2,
        "lat": 22.65561018,
        "lon": 92.17541121
    },
    {
        "zilla_id": 15,
        "bn_name": "নোয়াখালী",
        "name": "Noakhali",
        "division_id": 2,
        "lat": 22.869563,
        "lon": 91.099398
    },
    {
        "zilla_id": 13,
        "bn_name": "চাঁদপুর",
        "name": "Chandpur",
        "division_id": 2,
        "lat": 23.2332585,
        "lon": 90.6712912
    },
    {
        "zilla_id": 16,
        "bn_name": "লক্ষ্মীপুর",
        "name": "Lakshmipur",
        "division_id": 2,
        "lat": 22.942477,
        "lon": 90.841184
    },
    {
        "zilla_id": 8,
        "bn_name": "চট্টগ্রাম",
        "name": "Chattogram",
        "division_id": 2,
        "lat": 22.335109,
        "lon": 91.834073
    },
    {
        "zilla_id": 9,
        "bn_name": "কক্সবাজার",
        "name": "Coxsbazar",
        "division_id": 2,
        "lat": 21.44315751,
        "lon": 91.97381741
    },
    {
        "zilla_id": 10,
        "bn_name": "খাগড়াছড়ি",
        "name": "Khagrachhari",
        "division_id": 2,
        "lat": 23.119285,
        "lon": 91.984663
    },
    {
        "zilla_id": 7,
        "bn_name": "বান্দরবান",
        "name": "Bandarban",
        "division_id": 2,
        "lat": 22.1953275,
        "lon": 92.2183773
    },
    {
        "zilla_id": 32,
        "bn_name": "সিরাজগঞ্জ",
        "name": "Sirajganj",
        "division_id": 6,
        "lat": 24.4533978,
        "lon": 89.7006815
    },
    {
        "zilla_id": 33,
        "bn_name": "পাবনা",
        "name": "Pabna",
        "division_id": 6,
        "lat": 23.998524,
        "lon": 89.233645
    },
    {
        "zilla_id": 27,
        "bn_name": "বগুড়া",
        "name": "Bogura",
        "division_id": 6,
        "lat": 24.8465228,
        "lon": 89.377755
    },
    {
        "zilla_id": 30,
        "bn_name": "রাজশাহী",
        "name": "Rajshahi",
        "division_id": 6,
        "lat": 24.37230298,
        "lon": 88.56307623
    },
    {
        "zilla_id": 31,
        "bn_name": "নাটোর",
        "name": "Natore",
        "division_id": 6,
        "lat": 24.420556,
        "lon": 89.000282
    },
    {
        "zilla_id": 26,
        "bn_name": "জয়পুরহাট",
        "name": "Joypurhat",
        "division_id": 6,
        "lat": 25.09636876,
        "lon": 89.0400428
    },
    {
        "zilla_id": 28,
        "bn_name": "চাঁপাইনবাবগঞ্জ",
        "name": "Chapainawabganj",
        "division_id": 6,
        "lat": 24.5965034,
        "lon": 88.2775122
    },
    {
        "zilla_id": 29,
        "bn_name": "নওগাঁ",
        "name": "Naogaon",
        "division_id": 6,
        "lat": 24.83256191,
        "lon": 88.92485205
    },
    {
        "zilla_id": 38,
        "bn_name": "যশোর",
        "name": "Jashore",
        "division_id": 4,
        "lat": 23.16643,
        "lon": 89.2081126
    },
    {
        "zilla_id": 43,
        "bn_name": "সাতক্ষীরা",
        "name": "Satkhira",
        "division_id": 4,
        "lat": null,
        "lon": null
    },
    {
        "zilla_id": 34,
        "bn_name": "মেহেরপুর",
        "name": "Meherpur",
        "division_id": 4,
        "lat": 23.762213,
        "lon": 88.631821
    },
    {
        "zilla_id": 40,
        "bn_name": "নড়াইল",
        "name": "Narail",
        "division_id": 4,
        "lat": 23.172534,
        "lon": 89.512672
    },
    {
        "zilla_id": 36,
        "bn_name": "চুয়াডাঙ্গা",
        "name": "Chuadanga",
        "division_id": 4,
        "lat": 23.6401961,
        "lon": 88.841841
    },
    {
        "zilla_id": 35,
        "bn_name": "কুষ্টিয়া",
        "name": "Kushtia",
        "division_id": 4,
        "lat": 23.901258,
        "lon": 89.120482
    },
    {
        "zilla_id": 39,
        "bn_name": "মাগুরা",
        "name": "Magura",
        "division_id": 4,
        "lat": 23.487337,
        "lon": 89.419956
    },
    {
        "zilla_id": 42,
        "bn_name": "খুলনা",
        "name": "Khulna",
        "division_id": 4,
        "lat": 22.815774,
        "lon": 89.568679
    },
    {
        "zilla_id": 41,
        "bn_name": "বাগেরহাট",
        "name": "Bagerhat",
        "division_id": 4,
        "lat": 22.651568,
        "lon": 89.785938
    },
    {
        "zilla_id": 37,
        "bn_name": "ঝিনাইদহ",
        "name": "Jhenaidah",
        "division_id": 4,
        "lat": 23.5448176,
        "lon": 89.1539213
    },
    {
        "zilla_id": 4,
        "bn_name": "ঝালকাঠি",
        "name": "Jhalakathi",
        "division_id": 1,
        "lat": null,
        "lon": null
    },
    {
        "zilla_id": 5,
        "bn_name": "পটুয়াখালী",
        "name": "Patuakhali",
        "division_id": 1,
        "lat": 22.3596316,
        "lon": 90.3298712
    },
    {
        "zilla_id": 6,
        "bn_name": "পিরোজপুর",
        "name": "Pirojpur",
        "division_id": 1,
        "lat": null,
        "lon": null
    },
    {
        "zilla_id": 2,
        "bn_name": "বরিশাল",
        "name": "Barisal",
        "division_id": 1,
        "lat": null,
        "lon": null
    },
    {
        "zilla_id": 3,
        "bn_name": "ভোলা",
        "name": "Bhola",
        "division_id": 1,
        "lat": 22.685923,
        "lon": 90.648179
    },
    {
        "zilla_id": 1,
        "bn_name": "বরগুনা",
        "name": "Barguna",
        "division_id": 1,
        "lat": null,
        "lon": null
    },
    {
        "zilla_id": 62,
        "bn_name": "সিলেট",
        "name": "Sylhet",
        "division_id": 8,
        "lat": 24.8897956,
        "lon": 91.8697894
    },
    {
        "zilla_id": 63,
        "bn_name": "মৌলভীবাজার",
        "name": "Moulvibazar",
        "division_id": 8,
        "lat": 24.482934,
        "lon": 91.777417
    },
    {
        "zilla_id": 64,
        "bn_name": "হবিগঞ্জ",
        "name": "Habiganj",
        "division_id": 8,
        "lat": 24.374945,
        "lon": 91.41553
    },
    {
        "zilla_id": 61,
        "bn_name": "সুনামগঞ্জ",
        "name": "Sunamganj",
        "division_id": 8,
        "lat": 25.0658042,
        "lon": 91.3950115
    },
    {
        "zilla_id": 53,
        "bn_name": "নরসিংদী",
        "name": "Narsingdi",
        "division_id": 3,
        "lat": 23.932233,
        "lon": 90.71541
    },
    {
        "zilla_id": 52,
        "bn_name": "গাজীপুর",
        "name": "Gazipur",
        "division_id": 3,
        "lat": 24.0022858,
        "lon": 90.4264283
    },
    {
        "zilla_id": 58,
        "bn_name": "শরীয়তপুর",
        "name": "Shariatpur",
        "division_id": 3,
        "lat": null,
        "lon": null
    },
    {
        "zilla_id": 54,
        "bn_name": "নারায়ণগঞ্জ",
        "name": "Narayanganj",
        "division_id": 3,
        "lat": 23.63366,
        "lon": 90.496482
    },
    {
        "zilla_id": 44,
        "bn_name": "টাঙ্গাইল",
        "name": "Tangail",
        "division_id": 3,
        "lat": 24.26361358,
        "lon": 89.91794786
    },
    {
        "zilla_id": 49,
        "bn_name": "কিশোরগঞ্জ",
        "name": "Kishoreganj",
        "division_id": 3,
        "lat": 24.444937,
        "lon": 90.776575
    },
    {
        "zilla_id": 50,
        "bn_name": "মানিকগঞ্জ",
        "name": "Manikganj",
        "division_id": 3,
        "lat": null,
        "lon": null
    },
    {
        "zilla_id": 55,
        "bn_name": "ঢাকা",
        "name": "Dhaka",
        "division_id": 3,
        "lat": 23.7115253,
        "lon": 90.4111451
    },
    {
        "zilla_id": 51,
        "bn_name": "মুন্সিগঞ্জ",
        "name": "Munshiganj",
        "division_id": 3,
        "lat": null,
        "lon": null
    },
    {
        "zilla_id": 59,
        "bn_name": "রাজবাড়ী",
        "name": "Rajbari",
        "division_id": 3,
        "lat": 23.7574305,
        "lon": 89.6444665
    },
    {
        "zilla_id": 57,
        "bn_name": "মাদারীপুর",
        "name": "Madaripur",
        "division_id": 3,
        "lat": 23.164102,
        "lon": 90.1896805
    },
    {
        "zilla_id": 56,
        "bn_name": "গোপালগঞ্জ",
        "name": "Gopalganj",
        "division_id": 3,
        "lat": 23.0050857,
        "lon": 89.8266059
    },
    {
        "zilla_id": 60,
        "bn_name": "ফরিদপুর",
        "name": "Faridpur",
        "division_id": 3,
        "lat": 23.6070822,
        "lon": 89.8429406
    },
    {
        "zilla_id": 18,
        "bn_name": "পঞ্চগড়",
        "name": "Panchagarh",
        "division_id": 7,
        "lat": 26.3411,
        "lon": 88.5541606
    },
    {
        "zilla_id": 20,
        "bn_name": "দিনাজপুর",
        "name": "Dinajpur",
        "division_id": 7,
        "lat": 25.6217061,
        "lon": 88.6354504
    },
    {
        "zilla_id": 22,
        "bn_name": "লালমনিরহাট",
        "name": "Lalmonirhat",
        "division_id": 7,
        "lat": null,
        "lon": null
    },
    {
        "zilla_id": 21,
        "bn_name": "নীলফামারী",
        "name": "Nilphamari",
        "division_id": 7,
        "lat": 25.931794,
        "lon": 88.856006
    },
    {
        "zilla_id": 25,
        "bn_name": "গাইবান্ধা",
        "name": "Gaibandha",
        "division_id": 7,
        "lat": 25.328751,
        "lon": 89.528088
    },
    {
        "zilla_id": 19,
        "bn_name": "ঠাকুরগাঁও",
        "name": "Thakurgaon",
        "division_id": 7,
        "lat": 26.0336945,
        "lon": 88.4616834
    },
    {
        "zilla_id": 23,
        "bn_name": "রংপুর",
        "name": "Rangpur",
        "division_id": 7,
        "lat": 25.7558096,
        "lon": 89.244462
    },
    {
        "zilla_id": 24,
        "bn_name": "কুড়িগ্রাম",
        "name": "Kurigram",
        "division_id": 7,
        "lat": 25.805445,
        "lon": 89.636174
    },
    {
        "zilla_id": 46,
        "bn_name": "শেরপুর",
        "name": "Sherpur",
        "division_id": 5,
        "lat": 25.0204933,
        "lon": 90.0152966
    },
    {
        "zilla_id": 47,
        "bn_name": "ময়মনসিংহ",
        "name": "Mymensingh",
        "division_id": 5,
        "lat": 24.746567,
        "lon": 90.4072093
    },
    {
        "zilla_id": 45,
        "bn_name": "জামালপুর",
        "name": "Jamalpur",
        "division_id": 5,
        "lat": 24.937533,
        "lon": 89.937775
    },
    {
        "zilla_id": 48,
        "bn_name": "নেত্রকোণা",
        "name": "Netrokona",
        "division_id": 5,
        "lat": 24.870955,
        "lon": 90.727887
    }
]